"";"";.a; @S 
   v3mf;A5\QJ^;"";""
} ;"4";"";"B3]k[~L"
 \#  ;"7u";"";"[)"
?; `i;@y  ;"OR"
"J"; @r;"";5  
"";"";  ); >l|
"
.";"";"";k 
 qD;"";""; J
""; qi;"";""
a;"8=q";^Q2n ;'W
 ?;"U";"";  4~C
 .; i ;`;  >7o
];"|";""; dR  
 ?ic;O_;"<";"Z"
71G/|k;`-w;"	&q"; E
"$"; 3 ;O;"X"
{  ;"8,KB8<w`";"";2 
$G      ;" b";>\   ;@K
"";"u>";"a";""
"";"l";"H";   s
pc;"";  N;  .~4]  
"";5P  ;9 ; :
a(  ;   o;  B; y
"63";m);"du";"p7"
"";Z  ;"";9
 v3m;    t; v ;""
"";  1;"a";"EefT,"
c>k;">z";"_";""
g;"
"; }I`or;";r"
"<";"J\"; ^  ;  /70Z 
"m"; !Y,C;IdJ{O;""
k_ ;"	/?s";"4";""
"k"; +$ ;~@;"Gc"
"";N  ;"f";$ 
"l)1";       >T   ;   C ; 'JW
 od ;"";"5";""
In! ;5; c^K~;"VV"
j;"";"F+";""
)   ;BS- ; ~ ;"="
gU0a;"";"/V";"W"
 ALbQ ;"";"";W/
"";|! ; rK  ;"I}"
"";"";"";"o0HU"
>vu ;"O";@O;""
"";c2B ;>T;O 
#>;"m5";""; &
"";   n;"";P 
    lA    ;bE;"~<";5lcL 
"";] ;"";8Z.cMp3!  
[;"";  h;"B}F"
 L ;"&b";  d.{/'w3D?;  y
""; y;  \ ;C:M    
"";"";C(} ;""
"R.L";""; 1  ;w 
s; zA    ;"";""
>;"";"";x
j ; SMC  ;   Q;Y?q
R  ;A ;"";b(
-;               La;/;""
"T";"Xx0";"";"at"
 UW) ;"Vq";  {;"Q~"
m    ; *;  };"qC"
"Gi";  ^w;H,a;2 
        n;   4;p~ ;      xo4XZ 
"";"";I;Y#   
"k";"";M  ;}6mD
")";|s;  w/*o ;""
  K}!_. ;"";bl;k 
"[";""; L4;"*Z?"
F ;:P ;""; cz   
    MF ;"";  Y;"bL"
"'";"Qv";"	";-mJ=  
  kp; j;"";  A/
  5w ;Sr  ;"";o%_
 +  ;  v;_  ;  C 
"k";7;"";"F"
"";"7D]"; t  ;  B_   
"";"";""; R%T
"";e7;"";""
"V";w ;"";   X  
"{ L";"";z2;"3"
p ;""; ;qSq     
,K;zEx  ;  B;""
Z`0S ;   cY;  @; 4\
"<VL,";"";"";""
"";}[;"~";""
  y;hfS;T ;"cY
rx}F{"
;"";    i;S 
u  ;f ;";f:";   c 
 O;"2@L8#Z9"; MI;7U 
"";">";"v	}";"]Sf"
"";"=>"; +V; E
hq$    ; l6N      ;"";""
 Ocs;"C";""; W
   s(5J;   y3 ;"n3";#   
"3O/["; o;"Bf";g 
 m_;""; jR   ;"KX"
"";""; 7 ;""
